and	inprimategiko	0.9999057244147221
and	eta	0.8826479085923711
and	lerroan	0.499999999197375
and	geu	0.49960652189251975
and	ahokada,	0.48984848177857193
the	None	0.9230575418871285
the	Zertaz	0.500486403943152
the	itsasontzian.	0.49997918062473556
the	basoan!	0.4743714046203828
the	erregeak.	0.37602330188740113
I	nik	0.9999999999981308
I	huraxe	0.9999995939343433
I	jauna!	0.9999992546518885
I	naiz...	0.9997675594660688
I	disipula,	0.9992994293723759
a	uretako	1.0
a	iezadak	1.0
a	batean	0.9999999999982785
a	batek	0.8892115875369804
a	bai,	0.8044233209132767
to	jeinu	1.0
to	Ezagun	0.9999978424998088
to	eutsi	0.9443094066133554
to	beharra	0.8858077961512936
to	egin.	0.8853953056880621
was	zen;	0.9999999999983609
was	iola	0.9964914522887941
was	abiatzen	0.9960771630509018
was	ari	0.9925361364870902
was	gero,	0.9752782777703021
of	lotsatu	1.0
of	eguerdi	0.9999999999995508
of	dizkizut;	0.9999999999984954
of	algara	0.9999989286075721
of	belarra	0.9988437794253494
it	nuenik	1.0
it	Lafayetteko	1.0
it	azpildura	0.9999979402474267
it	Foster,	0.999633651641561
it	ematen	0.908484746938161
he	zuen	0.9793718759047911
he	hark	0.8761293626954723
he	Salomonek	0.70955076731272
he	Denda	0.6666253965353128
he	berak	0.6653533316476077
in	aginduko	1.0
in	lainopean	1.0
in	Shakespeareren	1.0
in	Jaun	0.9960945066555634
in	ere,	0.9611482030254743
you	zenuen	0.9999999999673803
you	zinen	0.9999999451023971
you	duzu	0.936913331614501
you	gertatu	0.9357342786112767
you	zuk	0.7713283262904571
that	urkatuko	1.0
that	dator	1.0
that	...eta	0.9999999999995001
that	zituzten	0.9999999999991834
that	horrek	0.999977557897084
for	Arrazoi	1.0
for	zaidan	1.0
for	jakinik	1.0
for	abiatu	0.9999999998966382
for	bila	0.9999999875719428
but	Mugitu	1.0
but	baina	0.9999999999984691
but	ondoan;	0.666666663375157
but	ezik.	0.6247241906066593
but	dela;	0.5999936069808831
on	estalita,	1.0
on	gona	1.0
on	itsu-itsuan	0.9999999999999725
on	dator!	0.9999999999993339
on	lurrean	0.9999999999992932
all	baldinbait!	1.0
all	historiak	0.9952084527217538
all	guztiak	0.9815532194517175
all	guzti	0.9655889024516228
all	guztia	0.9409541811108394
up	Pila	1.0
up	gora	0.999999999999495
up	altxa	0.999999999998982
up	truke.	0.9999999999855884
up	entzutea	0.9999957022039252
we	direnean,	1.0
we	digute,	1.0
we	eskuei	0.9999999999992064
we	duk;	0.9998281404706666
we	arraunei	0.9996509125092452
out	Bira	1.0
out	ikusgarria	1.0
out	jotzeagatik	1.0
out	koilareak	0.9999999999999851
out	«Bai,	0.9999999999990988
so	interesak	1.0
so	zitzan,	1.0
so	beraz	0.9999999999995792
so	horren	0.9999992302019008
so	pentsatzeko	0.9779431848999174
got	txano	1.0
got	Goikoaren	1.0
got	gogorregia	1.0
got	orraze	0.999999999999773
got	harrapatu	0.9999999999973902
they	pixkanaka-pixkanaka	0.9999999999999849
they	ziren	0.9800256438753588
they	zirela	0.95359063605197
they	zuten	0.7694828906200997
they	abokatua	0.7356075966827775
his	izaki	1.0
his	zeharka-meharka	1.0
his	bere	0.99999999999838
his	mesedea	0.9999999996643085
his	utzi	0.6769540859159766
as	elefanteak,	1.0
as	jokaera	1.0
as	neurrian,	1.0
as	urtzen	0.9999999999999946
as	bezain	0.9999999999991395
with	gainean.	1.0
with	egunero,	1.0
with	Iruzurtzaile	1.0
with	(gaztetan	1.0
with	garelarik;	0.9999999999999993
me	zitzaidala,	1.0
me	nau,	1.0
me	egi	1.0
me	biok	0.9999999999977177
me	zidan	0.899708791139042
him	zeriola	1.0
him	ibili;	1.0
him	Europako	1.0
him	atseginean	1.0
him	zion	0.9766489773405005
no	Aurpegiak	1.0
no	lantegi	1.0
no	beherakoa	1.0
no	bezala...,	0.9999999999999969
no	biderik	0.7652465195968181
had	nituen,	0.9047539796477276
had	zion.	0.7548212863491116
had	izan,	0.7499332103101101
had	egindako	0.7185359013957121
had	sartuta	0.6665209655159392
she	ogiak	1.0
she	txikitzen	1.0
she	Zazpi	1.0
she	nionean,	0.998824768596206
she	andereñok	0.8714386310865917
down	zirela.	1.0
down	baporerantz,	1.0
down	mihiari	1.0
down	behera	0.9999999999985992
down	jaitsi	0.9999999999984805
see	ederrena	1.0
see	ikusi	0.9999999999983162
see	ikusiko	0.999999960649503
see	ikusten	0.8570359023703934
see	Ikusi	0.8334022394336232
said	betiko.	1.0
said	esan	0.6497253608079203
said	lasai	0.6412137244769062
said	esan,	0.6341483421140571
said	nion;	0.5820105145951744
at	arbolez	1.0
at	hitzaldi	1.0
at	jantzia	1.0
at	egunsentiarekin	1.0
at	gehiegi	0.9999999999998721
about	gauzarik,	1.0
about	garrasika,	1.0
about	alarguna,	0.9999999999997177
about	mahats	0.9999999999996402
about	horretaz	0.9999998874308693
my	zuzenduta	1.0
my	Egunsentiarekin	1.0
my	datorrela	1.0
my	Nire	0.9999999999989493
my	nire	0.9498567023906868
would	zirenez	1.0
would	halako	0.917584223511693
would	zuela,	0.8912105797135944
would	zela	0.8726788882149243
would	ontzia	0.872340282039884
them	guztiko	1.0
them	poltsak	1.0
them	iniziala)	0.9999999999990726
them	Zakurrak	0.9999999975578442
them	zituzten,	0.8657341101334252
be	etorriko.	1.0
be	arropa	0.9999999987620737
be	izango	0.8111633415770073
be	ibiltzeko	0.7499994972961449
be	zela,	0.7176137642307769
there	Uretara	1.0
there	haserretzen	1.0
there	ihesaldia	0.9997695980816779
there	han	0.8820874015479029
there	beterik	0.6684784917130554
when	genuenean	1.0
when	zenean,	0.9999999999999204
when	zuenean,	0.9999999999988276
when	botatzen	0.9999999999961299
when	bileretan	0.9418382139924869
if	eskatuko	1.0
if	apaiz	1.0
if	zituzkeen.	1.0
if	utziko.	0.9999999999999973
if	izanez	0.9999999999998044
then	bazuen;	1.0
then	gero	0.9999999999987923
then	orduan	0.9999999999965508
then	zegoela,	0.7141630085221666
then	haurrak	0.5999023014478051
get	elkartuko	1.0
get	bidegurutze	1.0
get	zerien.	1.0
get	Azkar,	0.999991784497567
get	ontzian	0.7997220083244863
come	egunen	1.0
come	osoari	1.0
come	egonda	1.0
come	itxurakoa	1.0
come	Horrekin	1.0
didn't	diegu	1.0
didn't	haserretu;	0.8553438902015243
didn't	lehengo	0.7240255556418667
didn't	hartuta	0.7155714471903522
didn't	erazten,	0.6665720409937739
what	aieneka	1.0
what	antolatua	1.0
what	Bidean	1.0
what	zer	0.9999999999942274
what	dudana.	0.713061413391546
or	duzuna,	1.0
or	ausardiarik.	0.9999999999998299
or	edo	0.9999999999984861
or	ala	0.7141279331906485
or	Silasi	0.6659114062141694
one	hartzea	1.0
one	diezaion	1.0
one	bezalakoa.	0.9999999999994575
one	besteak	0.9160873129932043
one	bestea	0.8115632486040351
her	zuzentzen	1.0
her	Zoazte	0.9999852519651177
her	jartzen	0.9999739566742634
her	andereño	0.8936834291723458
her	«Honelako	0.666666596005931
went	nintzen,	0.9909151087905932
went	aurrera	0.8629969675830096
went	zetorren,	0.7998057689405018
went	joan	0.664072829936803
went	bedeinkatzen,	0.6607440543898394
warn't	tankerakoa	1.0
warn't	elizan	1.0
warn't	Salomonen	1.0
warn't	ipurdiak	1.0
warn't	zitzaizkidan	0.8570757239622337
says:	zuen:	0.9992255352475763
says:	nion:	0.72383842118798
says:	nuen:	0.6269239982064945
says:	zidan:	0.5469727303509926
says:	zuen:<para>—	0.5015758444124916
could	haurren	1.0
could	Isil	1.0
could	jendea.	1.0
could	gehiegi,	1.0
could	erortzeko	1.0
do	gustatu	1.0
do	doktorearen	1.0
do	erazten;	0.9999999999999991
do	jantzita	0.9983676642479471
do	neure	0.6760582565874973
don't	zeuk	1.0
don't	antzerkia	1.0
don't	dakiala	0.999999943476361
don't	zenukeen	0.9999802037291468
don't	Horrela	0.9892502257014779
ain't	sartzeko?	1.0
ain't	mehatxatuko,	1.0
ain't	izan;	1.0
ain't	zegok	0.8571248321989803
ain't	da	0.6836511053677085
it,	liteke,	1.0
it,	egin,	0.8329721763774652
it,	Zure	0.7575265168420663
it,	minez	0.666666423575991
it,	nintzaion	0.6666657938512918
it.	sartzeko;	1.0
it.	izateko.	0.8874340193155726
it.	ere.	0.8333732842044315
it.	gelarik	0.753620702896424
it.	aukera.	0.6666666654978068
He	hori...	1.0
He	Esan	0.9786061973788548
He	Isildu	0.6666666666451553
He	duena,	0.6666665927877012
He	dirurik	0.6209571465594097
over	erdibitu	1.0
over	nekez	1.0
over	zingiran	1.0
over	zelarik;	0.9999999977937265
over	orduko	0.9999980783955541
just	behean.	1.0
just	aurrealdea	1.0
just	daitekeen	1.0
just	Horrelakoa	0.9999999990575583
just	jarrita,	0.9017242716440167
like	iruditu.	1.0
like	zituztela;	1.0
like	botata	1.0
like	ausartuko	0.9999999999273037
like	begiratzeko,	0.9965702091553735
The	berria,	1.0
The	azkarregi	1.0
The	bestetik.	1.0
The	ekipaiaren	1.0
The	Beltzek	1.0
old	trikota	1.0
old	elkartzen	1.0
old	Wilkstarren	1.0
old	zaharra	0.9999999999978013
old	agure	0.9899170172314157
Jim	Jim	0.9999999999983067
Jim	zegoelako;	0.9999999943826368
Jim	Jimek	0.9867176872027207
Jim	Jimi	0.6489726678031221
Jim	Jimek,	0.33332464383435506
But	zezan.	1.0
But	Baina	0.9999999999964604
But	pikutara	0.49999994589360325
But	hurbiltzen,	0.49958606693788926
But	ordea	0.4445070501845864
de	alajainkoa	0.9999979155354312
de	madarikatuenak	0.49999811049500614
de	pasatzen	0.48085619670412
de	zaitu	0.42845712900379157
de	harema?	0.4244100332693168
go	zezakeelako.	1.0
go	ikaragarriak	1.0
go	t'erdiak	1.0
go	gaitezke	0.913807916334942
go	joango	0.7527662979612543
So	harrigarriak	1.0
So	egitearren,	0.9999999999997558
So	Beraz	0.9999999999996978
So	harrapatzeko	0.7499404796829968
So	Horrenbestez	0.700327025848867
And	Eta	0.9999999999959555
And	bero-bero	0.500000855604556
And	zitalak	0.5
And	ertza	0.49999999999970207
And	nendin.	0.499999999999692
en	zu	0.45533155761485683
en	balitz.	0.4296050736757702
en	Mesedez,	0.40000000795046653
en	gizona;	0.3340830154011389
en	eztabaida	0.3333340162544919
is	zuetako	1.0
is	abesten,	1.0
is	antz	1.0
is	izan?	0.6659643152009097
is	da,	0.6448025874537746
good	abesten	1.0
good	hondatuak	1.0
good	ito,	0.9999999999999998
good	onak	0.9999999999997929
good	zarete,	0.9999999999996264
couldn't	ezin	0.9740075998928006
couldn't	aurkitu;	0.6666666665107852
couldn't	arraioa!	0.6666666642452478
couldn't	Bazter	0.6591404695821649
couldn't	ezingo	0.6535331764082943
ever	joatekoa	1.0
ever	aritua	0.9999999999992312
ever	Inoiz	0.9999999999984902
ever	bakarrik.	0.7490296160353055
ever	edonori	0.5806388889782779
off	mozkorrago,	1.0
off	arratsean	1.0
off	bidea	1.0
off	kalabaza	1.0
off	hanka,	1.0
because	genuke	1.0
because	dakit,	1.0
because	baitzen	0.8882820134205185
because	eta.	0.8241789973807084
because	baitzuen	0.7777856474903526
this	gauerdi	1.0
this	benetan;	1.0
this	nintzen...	1.0
this	ezertaz	1.0
this	jarrera	0.9999999999997701
by	mendialdeko	1.0
by	Jira	1.0
by	Ahoa	1.0
by	batera.	1.0
by	luzean,	1.0
done	bestalde,	1.0
done	bukatu.	1.0
done	da;	0.9999999901977756
done	zenuen,	0.9999841364911801
done	lana	0.9166665827538135
know	orduantxe,	1.0
know	frogak	1.0
know	eginez;	1.0
know	ezagutzen,	0.9999999999999998
know	badakizu	0.9999755905886158
never	erabat	0.7777098670377885
never	amaiturik	0.6666638797466767
never	hitzik	0.6571514545737677
never	esan.	0.6399981400474087
never	Ezer	0.6000020038515728
your	zu,	0.9999999999996882
your	ezazu	0.999999999862625
your	zure	0.8815059596329566
your	Lapur	0.6666666308355349
your	hire	0.592602236970639
around	harro-harro	1.0
around	atsedenik	1.0
around	sugea	1.0
around	inguruan	0.9999999999979523
around	inguru	0.8635883303848759
right	zuhaixkak	1.0
right	nindoan,	1.0
right	bertako	1.0
right	baleza,	0.6666296495245907
right	Gustura	0.6665849300099657
little	lagunen	1.0
little	zekarren.	1.0
little	hamahiru	1.0
little	ikustaldi	1.0
little	Hesia	0.9999999999995096
some	zorrak	1.0
some	batzuk	0.9999999999979002
some	zelarik.	0.9999978843261562
some	batzuek	0.7335220139716617
some	egitera.	0.6666652542447715
took	heziketa	1.0
took	ogi	0.8571337588276065
took	eraman	0.669439526477858
took	Eguzkitako	0.6666629573814037
took	hartu,	0.6067869353710269
have	konforme,	1.0
have	nonahi,	1.0
have	zurea	1.0
have	garrasirik	1.0
have	zenuela,	1.0
made	Noizean	1.0
made	zegoenez	1.0
made	alegia,	0.9332594905167149
made	eginiko	0.7599211016071082
made	zitezkeen.	0.6666666652683759
back	atzeko	0.999999999999898
back	atzera	0.9099119279875706
back	atzerantz	0.884438680999028
back	itzuli	0.8237217002647462
back	euskarri	0.5999956575623991
going	baita,	0.9999700067098474
going	erretena	0.9522100359250665
going	Horretara	0.6666473540377094
going	kanpora.	0.6664330232692331
going	bazkaria	0.6642802386126769
Then	Gero	0.9999999999988802
Then	zuena,	0.4999999999996107
Then	Orduan	0.46969542934495806
Then	Ondoren	0.4058331230566866
Then	baita.	0.3334124592682526
make	zoratzen	1.0
make	pertsonaren	1.0
make	Erdi	1.0
make	gosaria	1.0
make	aitortu	1.0
Tom	Tomek—,	1.0
Tom	Tomek	0.9999999999982584
Tom	Tom	0.999999999996944
Tom	lapurreta	0.6666663175681675
Tom	ikustera?	0.3439448214317734
It	moztuko	1.0
It	errepikatzen	1.0
It	aldeak	1.0
It	pila.	1.0
It	espainiarra	1.0
from	herrira.	1.0
from	etxetik	0.8333315734472005
from	onean	0.7499274842432294
from	keinuak	0.6666666684820631
from	kateak	0.6666666664060272
two	barazkiak	1.0
two	bi	0.99999999999836
two	Berrehun	0.9999999999951761
two	berrehun	0.5980038009438883
two	Bi	0.44068460628823164
wouldn't	duzula,	1.0
wouldn't	duzu..	1.0
wouldn't	kasuan	1.0
wouldn't	jakiteko,	0.9999999999993373
wouldn't	zinateke	0.9999999999951408
tell	minbizia,	1.0
tell	Esango	0.9999999996255061
tell	diozu	0.749792761011247
tell	esango	0.7169527920538709
tell	ederrean	0.6666666646520052
take	gaituk.	1.0
take	diruak	1.0
take	zaude,	1.0
take	handienak	1.0
take	eramango	0.9999999919700866
We	zitezkeen;	1.0
We	genituen	0.8743771056733545
We	genuen.	0.733224499641799
We	genuen,	0.7046492543469053
We	Argi	0.6743787340857639
their	ahotik	1.0
their	zituelako,	1.0
their	beren	0.999999999997683
their	ababorrean	0.9999976728609252
their	lituzke	0.7129965215075752
says	Dardarka	1.0
says	—esan	0.7678522291767056
says	Asmatu	0.6666649098531331
says	moduan»	0.5872439132321307
says	nirekiko,	0.5371225659204738
way	gaizto	1.0
way	alkandorak	1.0
way	hemen;	0.9999999999994332
way	Horretarako	0.999999991665219
way	brast	0.9999993858514874
how	bestea,	1.0
how	Kontu	0.9999999999992991
how	nola	0.9999999999951458
how	zenbat	0.9999999662345511
how	atseden	0.7501475759185819
told	Harekin	0.999999986621418
told	ziola	0.8877809253000163
told	dit	0.6693040379817831
told	zama	0.6661472193639408
told	gertatutako	0.6651348186749397
time	duenik,	1.0
time	denborarik	0.9999999995197285
time	muturretik	0.6666666542822814
time	ibiltzera	0.6666652082847788
time	burura	0.5647226053300222
let	banan,	1.0
let	presarik	1.0
let	gaituzula	1.0
let	estalita	1.0
let	osabaren	1.0
man	denean,	1.0
man	hildakoak	1.0
man	astebetera	1.0
man	gizon	0.9999999999983402
man	Indarrak	0.9999998783628056
any	erabiltzeko	1.0
any	modua	0.8008781435617767
any	betea	0.6666666371668758
any	aurrerantz	0.6666151902123773
any	edozein	0.6627373048555075
"""Well,"	entzuteko.	1.0
"""Well,"	nituzke.	1.0
"""Well,"	tarta	1.0
"""Well,"	Elgorria,	0.9999999999997247
"""Well,"	Beno,	0.9999999957307452
Well,	handirik.	1.0
Well,	Une	0.7499982236514957
Well,	bururatzea	0.6666666666673257
Well,	eskubidea	0.6666666645878286
Well,	ziela.	0.6666666536784723
want	nahi.	0.9822509805470182
want	Ohean	0.7501063544950406
want	demontretarako	0.6666671362635443
want	iruzurtzaile	0.6061608803031796
want	erabili	0.5775372105547671
pretty	orduko.	1.0
pretty	xamarra	0.7316176624507815
pretty	ibilita	0.6663272508974779
pretty	danbatekoak	0.5713637785185305
pretty	baino.	0.5712353260721776
give	andrea	1.0
give	eman	0.999999978253237
give	eman.	0.7174675542238461
give	diot.	0.7122726661301294
give	emango	0.6668428165101979
an	hegoaldetik	1.0
an	B	1.0
an	luzera	0.7499999998032009
an	hartako	0.6666571223599453
an	Baziren	0.6663730334860288
along	zapaldu	1.0
along	aritu,	1.0
along	herrietan	1.0
along	barruak	1.0
along	Zutitu,	0.9999999999997914
set	oheratzeko	1.0
set	eseri	0.807947242698037
set	mugitu	0.722443041805868
set	berriz!	0.6666666666665
set	frijitua	0.6666666666414353
into	menetik	1.0
into	guzti,	0.8333359689567676
into	bota	0.731082530349453
into	atsegin.	0.6666666666650225
into	arrapaladan	0.6618944551803458
it's	ditiagu.	1.0
it's	etortzea	1.0
it's	ahaztuko	1.0
it's	zurrumurru	1.0
it's	honez	0.9999999980251713
put	moduan,	0.9999999999992917
put	Lizeri	0.9993478205978255
put	itzali	0.8571427010196649
put	beltzez	0.6666364289073897
put	jarri	0.5215673076124979
not	esaten,	1.0
not	inolako	0.8333332385806669
not	ezta	0.7448999808120612
not	bizimodu	0.6945939610102269
not	moduko	0.6712300519879778
till	saldua	1.0
till	arte,	0.999999999999621
till	arte.	0.9999999999572654
till	arte	0.8974283194908492
till	arte;	0.7296928342703848
been	bizitza	0.7813066753121923
been	omen	0.768127006003227
been	hasieratik	0.7499921739289352
been	noiztik	0.6666651557096696
been	ilezko	0.6666633231664326
most	baitzien	1.0
most	ia	0.9999999999977122
most	zitzaizkien	0.6666665872095584
most	atzetik.	0.5980274627242133
most	Ia	0.5007399792576136
away	urrutian	1.0
away	itzaltsu	1.0
away	belarri	0.799999305638591
away	urrutian,	0.6664565681680001
away	zaharrean	0.6643814952727207
after	itzaltzen	1.0
after	Harrapa	1.0
after	ondoren,	0.9524872144939923
after	aurrean,	0.8567691653281766
after	zaldien	0.7499997705282203
where	Basoa	1.0
where	horiek!	1.0
where	berriketan	1.0
where	non	0.9330977896171084
where	nora	0.8571428459525544
can	isatsean	1.0
can	Foster	0.9999999999294009
can	diezadake	0.9930186084000457
can	topatuko	0.6666662782661712
can	dezake,	0.6587764782238112
say	gehiena.	1.0
say	bazituzten,	1.0
say	esateko	1.0
say	diote,	0.666666026480442
say	inori	0.6575312373009587
nothing	biziz	1.0
nothing	tutik	0.999999999999434
nothing	izateko,	0.8571262219086622
nothing	nintzela;	0.6671248776705353
nothing	ezer	0.654457020565108
king	erregeak	0.9999999999992878
king	erregea	0.9999999999989415
king	Erregeak	0.5948500012415501
king	aldarrikatu	0.5
king	Erregea	0.4997521527722438
long	gerora	1.0
long	begiztatu	1.0
long	zebilelarik,	0.9999999999999998
long	luzea	0.9999999999996305
long	luzean.	0.9999999999990444
kind	ezen	1.0
kind	xamar:<para>—	1.0
kind	beharbada,	0.7478114640766297
kind	nahastu	0.7435806519717706
kind	atseginak	0.6666665406261612
more	muturrean,	1.0
more	gehiago	0.8999977530805549
more	ateratzea	0.6666123283555218
more	gehiagorik	0.666608522775542
more	begien	0.655568823250542
think	dolar.	1.0
think	ateratzen.	1.0
think	bururatzen	0.7999999653940868
think	pentsatuko	0.7142856393616198
think	pentsatzeak	0.66666666666607
me,	otoitz	1.0
me,	niri,	1.0
me,	lainorik	0.99999999999975
me,	balantzaka	0.999999999999507
me,	batean.	0.7154255415076063
before	antzeztuko	1.0
before	eskuzabala	1.0
before	lehen,	0.999999999999198
before	aurretik.	0.997709580054141
before	lehenago.	0.7499999994389409
him,	eskuan,	1.0
him,	iristeko	0.7499341477787722
him,	besarkatuko	0.6666666663118386
him,	urtebete	0.6666266480014804
him,	dantzan	0.571421676336611
every	kendu.	1.0
every	tolestatu	1.0
every	egunero	0.6666666428392684
every	denei,	0.6666111187711667
every	bakoitzean	0.6248928506046918
You	Arratoirik	0.9999999999997646
You	dudan,	0.9999999999873419
You	haiz	0.9998217023964632
You	dirudi,	0.6666665016677585
You	Gezurra!	0.6258242602418819
only	handiagoak	1.0
only	besterik	0.6826008290736436
only	zitzaizun	0.5156332925161936
only	gintuzten,	0.4999999924166887
only	Uda	0.4364010685294184
They	denak,	1.0
They	nauzula.	1.0
They	Izenik	0.999999999822715
They	errekatxoan	0.6665398816628058
They	Etxe	0.6627963026473606
says,	bezala—.	0.6666666588846673
says,	nuen—	0.6666666430043748
says,	nuen—,	0.590726972104523
says,	zuen—,	0.5371537192585152
says,	izena,	0.5001642336138395
us	ahala.	1.0
us	zigun,	0.9999999999998297
us	inprimatu	0.6665423124860363
us	zituela;	0.666284990025841
us	gintuzten	0.6483677926665096
duke	dukea	0.9999999999994887
duke	dukeak	0.99999999999704
duke	Dukea	0.7499702646486078
duke	Dukeari	0.5000232477705073
duke	dukeak:	0.49999999999975003
"""I"	Zuri	0.666666974808711
"""I"	koldar	0.666661869581793
"""I"	bezalakoak	0.5000000100674429
"""I"	Ezetz.	0.5
"""I"	koilarea,	0.49999999999895844
nigger	beltzari	0.8333356927309085
nigger	beltza	0.7691696791608422
nigger	beltzen	0.6725901646778404
nigger	eskaileraren	0.6666109938738313
nigger	beltz	0.592478289585763
our	gainak	1.0
our	geure	0.9999999999984641
our	leize-zulora	0.9999987450958816
our	gure	0.9697244512726688
our	genuelarik.	0.6666626924929272
look	saltoka	1.0
look	begiratuz	0.7500000207984853
look	zegoenik,	0.7496140819244234
look	begira...	0.7491434786357786
look	gertatutakoa,	0.6666666416694533
I'll	inola	0.9999999467259921
I'll	zaitut.	0.7497825543025609
I'll	dizut.	0.6701368557218556
I'll	Lothrop	0.6666655968152634
I'll	zaitut	0.5974387000021721
very	ondotik	0.7095449150369816
very	XVI.a	0.6666666666663144
very	hara	0.6666632740501118
very	atseginean,	0.6666608945706646
very	sonbreiru	0.6666426501845182
thing	horretaz...	0.999999999998201
thing	diren,	0.9842771780111029
thing	gauzarik	0.8749994510865806
thing	Aizkora	0.6666663942917594
thing	bete,	0.5000000272575845
did	Noiz	0.9966555392159949
did	sendoa	0.6666666350927026
did	errierta	0.666664965623803
did	izateko?	0.6643743808183343
did	hustu	0.500312793817595
reckon	Pentsatzen	0.7913301790233258
reckon	Uste	0.6078354567863226
reckon	uste	0.6029956212179122
reckon	zaik	0.4963954307299191
reckon	goseak	0.3333333333334019
three	hiru	0.9999999999996174
three	hirurok	0.9999963430481105
three	Hiru	0.6127678422640019
three	nahikoak;	0.49999999999991435
three	hirurak	0.4137483367250197
people	dituk.	1.0
people	jendeak	0.9999999999996624
people	jendea	0.9491685969642037
people	emateko.	0.6666666666447156
people	berokiak	0.5000120998626568
other	handiak.	1.0
other	zirelarik.	1.0
other	sukaldeko	0.799999991704975
other	hura.	0.6666666483226374
other	upel	0.6666641291839325
big	handi	0.9999999999994207
big	handia	0.8465313268217252
big	lekuetan,	0.6666666666665719
big	abiatzeko	0.6666630240177019
big	erdian,	0.5002332423546301
that's	malko	0.6828720652800637
that's	direla,	0.6663813186818075
that's	dagoen	0.6394384476851516
that's	hiltzeko	0.5714285714281817
that's	duena	0.5710655728830502
soon	betetzen	1.0
soon	laster	0.9103389194836587
soon	Laster	0.7499861930806359
soon	laster,	0.5999684335423688
soon	Berehalaxe	0.5636653626243188
always	beti	0.9999999999976777
always	Beti	0.9999999999593148
always	beti.	0.7357431105786256
always	beti;	0.6010492960592855
always	gora,	0.4831946442256949
such	borobila	1.0
such	horrelako	0.9999999568840824
such	semerik	0.6666616443799607
such	paperik	0.6666279732376958
such	guztiak,	0.5966200935367626
knowed	—banekien	1.0
knowed	bidez,	1.0
knowed	banekien	0.9999999999992203
knowed	Banekien	0.9999998073120939
knowed	banindu	0.6666666666665927
wanted	litzatekeela,	1.0
wanted	zenez	0.712777166494807
wanted	bestela.	0.6666656400544902
wanted	Arto	0.5001289734594598
wanted	Denak...	0.49999997306152927
which	baitzegoen,	1.0
which	gorri	1.0
which	hazteko	0.689960139013983
which	biltzeko	0.6666602434733843
which	genuelarik,	0.6658221298468056
here	denek.	1.0
here	Goseak;	1.0
here	diezu;	1.0
here	miatu	1.0
here	dezakezun	0.9999999999919369
looked	zirudien,	0.9999999999971967
looked	zirudien.	0.9999999999867837
looked	begiratu	0.6642978116344463
looked	zirudien.<para>Orduan	0.5020121689505253
looked	zitzaien.	0.5
there,	dotore,	1.0
there,	dudala,	1.0
there,	jaten	0.7890805897868851
there,	txabolan,	0.6666663954492635
there,	etxaldea	0.6664824429358664
I'd	juxtu-juxtu	1.0
I'd	nioke.	1.0
I'd	lehenengo.	1.0
I'd	batera;	0.666662602041132
I'd	nukeen	0.664347390764915
than	baino	0.7463360355647132
than	baino,	0.6666083976971982
than	Hamazazpitik	0.48776520589880595
than	baino.	0.42876467392739404
than	zaunka	0.4
time,	aditu	0.9999999943513083
time,	guztian,	0.8333333330978492
time,	guztian	0.777777396825971
time,	bata,	0.666666746817997
time,	sutan	0.6666652254488377
When	zumar	0.9999999999995005
When	nintzenean,	0.9090910319629324
When	adibidez.	0.6666827064133084
When	ginenean,	0.5525926445583729
When	bazkaltzen	0.5468116495889515
can't	esaterik	0.9954818695216747
can't	duela,	0.599999960222382
can't	zaik	0.503604569027018
can't	noski;	0.4999999999997767
can't	dudanez	0.49999866267303994
head	buru	0.9999999999997037
head	burua	0.7984771775204295
head	txanpon	0.5488864773493392
head	pentsakor	0.4999999999120831
head	bideratu	0.499999383036822
you,	handiz—,	0.932690481861443
you,	zu	0.5446684423714566
you,	dizut,	0.5347670371895517
you,	zaratarik	0.5034569422616704
you,	sudur	0.5000038990487639
keep	altxatu	0.6666664880167285
keep	mozkortzen	0.6663595368695342
keep	piztuta	0.5999998959550966
keep	Estalkia	0.5000001057803057
keep	nintzateke...,	0.4999999999995
hear	entzuten	0.7877568975678703
hear	oihuen	0.6665357817393956
hear	luzatzen	0.4999999995878537
hear	pasako	0.4956829176279633
hear	entzun?	0.4575794373761845
under	azpian	0.9999999999985727
under	azpitik	0.7107174064690784
under	azpian;	0.6
under	azpian,	0.5799871025333507
under	bazterreko	0.5713653937310673
out,	zituelarik,	0.6555477805995551
out,	eginez:	0.5714239609658109
out,	argimutil	0.5
out,	begirada	0.49999898540519894
out,	aterako.	0.49999853830062596
"""Why,"	Zergatik,	0.9999999999998608
"""Why,"	Gurean	0.955039248645394
"""Why,"	Baina,	0.798876057946972
"""Why,"	unean.	0.5000000000004902
"""Why,"	aulkian.	0.49999996071578046
up,	zien,	0.7499996294545919
up,	orraztu	0.6431036955490814
up,	egunsentia	0.5999999997851415
up,	lor	0.5086091205040084
up,	geniela	0.5007801267026033
begun	hasi	0.8339693143816258
begun	Herrian	0.3333333443426992
begun	lurrean.	0.33319548019724626
begun	Iztupa	0.2710121809246684
begun	Egunsentiaren	0.2709502253978493
much	ibiltzeko,	0.6666471695307767
much	niokeela	0.66587503304463
much	irudituko	0.5997703284130795
much	gertatutakoa	0.5997110268479519
much	txirikordatu	0.5000000000597155
heard	buruarentzat	1.0
heard	entzun	0.6009914182534191
heard	zituela,	0.5258745396927941
heard	entzun.	0.4460881530885486
heard	sumatu	0.4286269675926544
There	adibide	0.6666666475651701
There	Bazen	0.666525921031792
There	lurrean,	0.6
There	han,	0.5999816349574612
There	erakusten	0.555496909271325
run	burura.	1.0
run	Haurrak	1.0
run	ezinegonean	0.7331000723200533
run	ihes	0.7182896618022342
run	amaren	0.6666191114012084
laid	zituelarik;	1.0
laid	pronto.	1.0
laid	etzan	0.5766371782417786
laid	gorpuaren	0.5000000002141899
laid	Atzean	0.5000000000000553
along,	ahoan,	1.0
along,	azkar.	1.0
along,	Aurrera	0.7499206774947736
along,	aurrera,	0.571426870362779
along,	jateko	0.5555555555548475
things	berotzeko	1.0
things	errotarri	1.0
things	gauzak	0.6781123684811845
things	Mozkortuta	0.6666666624693401
things	berarekin,	0.6666562247445268
hadn't	esaka	0.7499998858681818
hadn't	aurkitu.	0.6242575535560568
hadn't	gurutzatzen	0.5998093977462553
hadn't	Handik	0.5093460875792092
hadn't	ordura	0.5000000000001666
another	ederrik	1.0
another	arnas	0.6666653162395274
another	sarrera	0.5069422819284924
another	astebetez	0.50000000000118
another	Grangerfordtarren	0.49999999999998346
he'd	zorterik	1.0
he'd	hoan	1.0
he'd	lekurik	0.7499432583020458
he'd	arazoez	0.6666979271572729
he'd	zaindari	0.5000024614648604
again,	berriz,	0.7893050614957314
again,	berriz	0.6963893625831297
again,	berriro	0.5420887013249013
again,	Predikaria	0.4999970999014823
again,	entzuten.	0.4315701518066585
anything	hartzeak	1.0
anything	bat-batean	0.7999938592389652
anything	edozer	0.7816413922546416
anything	zapata	0.6666549607839242
anything	musugitarra	0.6653598635435302
it;	Garrasi	1.0
it;	guztia;	0.9999999999990282
it;	egin;	0.5713984998778786
it;	Abentura	0.5524371524965581
it;	dudanez	0.5000013373269601
river	kordelak	1.0
river	ibaia	0.6468078908271502
river	ibai	0.5491771374106232
river	deritze	0.4999999999993784
river	ibaiko	0.4442676845857028
first	jauziak	1.0
first	lehenengo	0.999999999999579
first	Lehenengo	0.8888888887203141
first	lehenik	0.6908938024998607
first	gorrotatzen	0.49999662715558935
